[
    {
        "container_type": "Publication",
        "source": "PUBLICATION_SEARCH_SNIPPET",
        "bib": {
            "title": "Safety and efficacy of feed additives consisting of sodium ferrocyanide and potassium ferrocyanide for all animal species (Eusalt aisbl)",
            "author": [
                "EFSA Panel on Additives and Products or "
            ],
            "pub_year": "2023",
            "venue": "EFSA \u2026",
            "abstract": "5 days ago -  as a respiratory and dermal sensitiser. To test the irritation potential to skin and  eye and  The skin irritation potential of sodium ferrocyanide was tested in a study performed"
        },
        "filled": false,
        "gsrank": 1,
        "pub_url": "https://efsa.onlinelibrary.wiley.com/doi/abs/10.2903/j.efsa.2023.7960",
        "author_id": [
            ""
        ],
        "url_scholarbib": "/scholar?hl=en&q=info:AiS_A3AHL-kJ:scholar.google.com/&output=cite&scirp=0&hl=en",
        "url_add_sclib": "/citations?hl=en&xsrf=&continue=/scholar%3Fq%3Ddermal%2Birritation%26hl%3Den%26scisbd%3D1%26as_sdt%3D0,33&citilm=1&update_op=library_add&info=AiS_A3AHL-kJ&ei=P5pHZK38IJnJsQLckZuABg&json=",
        "num_citations": 0,
        "eprint_url": "https://efsa.onlinelibrary.wiley.com/doi/pdfdirect/10.2903/j.efsa.2023.7960"
    },
    {
        "container_type": "Publication",
        "source": "PUBLICATION_SEARCH_SNIPPET",
        "bib": {
            "title": "Safety and efficacy of a feed additive consisting of a tincture derived from the fruit of Pimpinella anisum L. (anise tincture) for use in all animal species (FEFANA asbl)",
            "author": [
                "EFSA Panel on Additives and Products or "
            ],
            "pub_year": "2023",
            "venue": "EFSA \u2026",
            "abstract": "7 days ago -  Anise tincture should be considered as irritant to skin and eyes, and as a  dermal and respiratory sensitiser. Since anise tincture may contain furocoumarins, they may"
        },
        "filled": false,
        "gsrank": 2,
        "pub_url": "https://efsa.onlinelibrary.wiley.com/doi/abs/10.2903/j.efsa.2023.7962",
        "author_id": [
            ""
        ],
        "url_scholarbib": "/scholar?hl=en&q=info:FLakoErW8SAJ:scholar.google.com/&output=cite&scirp=1&hl=en",
        "url_add_sclib": "/citations?hl=en&xsrf=&continue=/scholar%3Fq%3Ddermal%2Birritation%26hl%3Den%26scisbd%3D1%26as_sdt%3D0,33&citilm=1&update_op=library_add&info=FLakoErW8SAJ&ei=P5pHZK38IJnJsQLckZuABg&json=",
        "num_citations": 0,
        "eprint_url": "https://efsa.onlinelibrary.wiley.com/doi/pdf/10.2903/j.efsa.2023.7962"
    }
]